Rule,target_alignment,num_layers,seed
PC,0.9999999403953552,1,1482555873
PC,0.9792439937591552,2,1482555873
PC,0.9782066941261292,3,1482555873
PC,0.9970157742500304,4,1482555873
PC,0.949783444404602,5,1482555873
PC,0.8186968564987183,6,1482555873
PC,0.9688751697540284,7,1482555873
PC,0.8584896326065063,8,1482555873
PC,0.9707924723625184,9,1482555873
PC,0.9558884501457214,10,1482555873
PC,0.8994114995002747,11,1482555873
PC,0.7786112427711487,12,1482555873
PC,0.7225725650787354,13,1482555873
PC,0.7553374171257019,14,1482555873
PC,0.8030071258544922,15,1482555873
PC,0.9039531946182252,16,1482555873
PC,0.7862629294395447,17,1482555873
PC,0.954058825969696,18,1482555873
PC,0.9322206377983092,19,1482555873
PC,0.7405762076377869,20,1482555873
PC,0.8606457710266113,21,1482555873
PC,0.902024745941162,22,1482555873
PC,0.9272794127464294,23,1482555873
PC,0.7818940877914429,24,1482555873
PC,0.899486780166626,25,1482555873
BP,0.9999999403953552,1,1482555873
BP,0.9019076228141784,2,1482555873
BP,0.8285326361656189,3,1482555873
BP,0.8271172046661377,4,1482555873
BP,0.7720208764076233,5,1482555873
BP,0.6650670766830444,6,1482555873
BP,0.6748930811882019,7,1482555873
BP,0.5319103598594666,8,1482555873
BP,0.7173759937286377,9,1482555873
BP,0.6080129146575928,10,1482555873
BP,0.4897361695766449,11,1482555873
BP,0.4863354563713074,12,1482555873
BP,0.5210474729537964,13,1482555873
BP,0.555260419845581,14,1482555873
BP,0.3560688495635986,15,1482555873
BP,0.4317247271537781,16,1482555873
BP,0.496976763010025,17,1482555873
BP,0.0024454302620142,18,1482555873
BP,0.4776358604431152,19,1482555873
BP,-0.0654080808162689,20,1482555873
BP,-0.2333577126264572,21,1482555873
BP,-0.0410924926400184,22,1482555873
BP,0.4536105692386627,23,1482555873
BP,-0.0624041482806205,24,1482555873
BP,0.4986506998538971,25,1482555873
PC,1.0000001192092896,1,698841058
PC,0.9905047416687012,2,698841058
PC,0.9757927656173706,3,698841058
PC,0.9825392961502076,4,698841058
PC,0.9513185620307922,5,698841058
PC,0.9594870805740356,6,698841058
PC,0.9801535606384276,7,698841058
PC,0.9600287675857544,8,698841058
PC,0.9787902235984802,9,698841058
PC,0.9333115220069884,10,698841058
PC,0.8575197458267212,11,698841058
PC,0.8859832286834717,12,698841058
PC,0.8371641039848328,13,698841058
PC,0.8691775798797607,14,698841058
PC,0.8649937510490417,15,698841058
PC,0.8994360566139221,16,698841058
PC,0.7801339626312256,17,698841058
PC,0.8284716606140137,18,698841058
PC,0.9072670340538024,19,698841058
PC,0.8287327885627747,20,698841058
PC,0.8815306425094604,21,698841058
PC,0.8139688372612,22,698841058
PC,0.8130372166633606,23,698841058
PC,0.8674708604812622,24,698841058
PC,0.8873335123062134,25,698841058
BP,1.0000001192092896,1,698841058
BP,0.9063902497291564,2,698841058
BP,0.8519362211227417,3,698841058
BP,0.8058471083641052,4,698841058
BP,0.773756206035614,5,698841058
BP,0.7968138456344604,6,698841058
BP,0.728845477104187,7,698841058
BP,0.821596086025238,8,698841058
BP,0.7184820771217346,9,698841058
BP,0.5775465369224548,10,698841058
BP,0.6090584397315979,11,698841058
BP,0.5574901103973389,12,698841058
BP,0.6461734771728516,13,698841058
BP,0.5419706702232361,14,698841058
BP,0.5232551693916321,15,698841058
BP,0.6000012159347534,16,698841058
BP,0.4933197796344757,17,698841058
BP,0.4725037515163421,18,698841058
BP,0.5926034450531006,19,698841058
BP,0.3571370840072632,20,698841058
BP,0.4567260444164276,21,698841058
BP,0.4165240228176117,22,698841058
BP,0.3777059316635132,23,698841058
BP,0.5041966438293457,24,698841058
BP,0.3018217980861664,25,698841058
PC,1.0000001192092896,1,2283198659
PC,0.9951063990592957,2,2283198659
PC,0.9840518236160278,3,2283198659
PC,0.9719066619873048,4,2283198659
PC,0.9259660243988036,5,2283198659
PC,0.921151041984558,6,2283198659
PC,0.9310047030448914,7,2283198659
PC,0.8989810347557068,8,2283198659
PC,0.9517022371292114,9,2283198659
PC,0.7681072950363159,10,2283198659
PC,0.8584451079368591,11,2283198659
PC,0.9722853302955629,12,2283198659
PC,0.9277466535568236,13,2283198659
PC,0.987303912639618,14,2283198659
PC,0.7525070309638977,15,2283198659
PC,0.9737505912780762,16,2283198659
PC,0.790103554725647,17,2283198659
PC,0.946172297000885,18,2283198659
PC,0.9187340140342712,19,2283198659
PC,0.8925449848175049,20,2283198659
PC,0.9331386089324952,21,2283198659
PC,0.9550787210464478,22,2283198659
PC,0.7669099569320679,23,2283198659
PC,0.9642119407653807,24,2283198659
PC,0.8719797134399414,25,2283198659
BP,1.0000001192092896,1,2283198659
BP,0.9371675848960876,2,2283198659
BP,0.8795767426490784,3,2283198659
BP,0.825462281703949,4,2283198659
BP,0.6195407509803772,5,2283198659
BP,0.6954037547111511,6,2283198659
BP,0.7348031401634216,7,2283198659
BP,0.703022301197052,8,2283198659
BP,0.7026940584182739,9,2283198659
BP,0.5296615958213806,10,2283198659
BP,0.4903356432914734,11,2283198659
BP,0.5995143055915833,12,2283198659
BP,0.5778785943984985,13,2283198659
BP,0.5472076535224915,14,2283198659
BP,0.2912708520889282,15,2283198659
BP,0.4931231737136841,16,2283198659
BP,0.419646292924881,17,2283198659
BP,0.2788776755332947,18,2283198659
BP,0.3442313969135284,19,2283198659
BP,-0.119401529431343,20,2283198659
BP,0.1802964657545089,21,2283198659
BP,0.5864454507827759,22,2283198659
BP,0.2575650513172149,23,2283198659
BP,0.0513086281716823,24,2283198659
BP,0.137926384806633,25,2283198659
PC,1.0,1,1855152618
PC,0.9962807893753052,2,1855152618
PC,0.9728385210037231,3,1855152618
PC,0.9374600052833556,4,1855152618
PC,0.9370418787002563,5,1855152618
PC,0.8655022978782654,6,1855152618
PC,0.9164965748786926,7,1855152618
PC,0.9533323645591736,8,1855152618
PC,0.9036125540733336,9,1855152618
PC,0.9819324612617492,10,1855152618
PC,0.8553862571716309,11,1855152618
PC,0.950581192970276,12,1855152618
PC,0.9355525970458984,13,1855152618
PC,0.949152946472168,14,1855152618
PC,0.8476847410202026,15,1855152618
PC,0.908148229122162,16,1855152618
PC,0.6801451444625854,17,1855152618
PC,0.7902724742889404,18,1855152618
PC,0.7284539937973022,19,1855152618
PC,0.7735424637794495,20,1855152618
PC,0.6106464862823486,21,1855152618
PC,0.7145485877990723,22,1855152618
PC,0.8460620641708374,23,1855152618
PC,0.9618546962738036,24,1855152618
PC,0.7265337109565735,25,1855152618
BP,1.0,1,1855152618
BP,0.9055997729301452,2,1855152618
BP,0.8368732333183289,3,1855152618
BP,0.8092113137245178,4,1855152618
BP,0.7645125389099121,5,1855152618
BP,0.6443422436714172,6,1855152618
BP,0.6719826459884644,7,1855152618
BP,0.6844277381896973,8,1855152618
BP,0.6439461708068848,9,1855152618
BP,0.6020731925964355,10,1855152618
BP,0.5963804721832275,11,1855152618
BP,0.5362940430641174,12,1855152618
BP,0.432567298412323,13,1855152618
BP,0.5437644124031067,14,1855152618
BP,0.4814011454582214,15,1855152618
BP,0.5136404037475586,16,1855152618
BP,0.534521758556366,17,1855152618
BP,0.5016109347343445,18,1855152618
BP,0.3934519290924072,19,1855152618
BP,0.4917318224906921,20,1855152618
BP,0.3978902995586395,21,1855152618
BP,0.3892605602741241,22,1855152618
BP,-0.1132644191384315,23,1855152618
BP,0.2922561466693878,24,1855152618
BP,0.091573379933834,25,1855152618
PC,1.0000004768371582,1,2444264003
PC,0.9920175075531006,2,2444264003
PC,0.9864168167114258,3,2444264003
PC,0.949224293231964,4,2444264003
PC,0.9372308850288392,5,2444264003
PC,0.9078407883644104,6,2444264003
PC,0.9081125855445862,7,2444264003
PC,0.8834433555603027,8,2444264003
PC,0.8600142002105713,9,2444264003
PC,0.8608385324478149,10,2444264003
PC,0.9099103808403016,11,2444264003
PC,0.9651148915290833,12,2444264003
PC,0.9816144704818726,13,2444264003
PC,0.9091354608535768,14,2444264003
PC,0.957278847694397,15,2444264003
PC,0.911717653274536,16,2444264003
PC,0.9082210659980774,17,2444264003
PC,0.9514794945716858,18,2444264003
PC,0.6245594024658203,19,2444264003
PC,0.7904254198074341,20,2444264003
PC,0.8047516345977783,21,2444264003
PC,0.9572751522064208,22,2444264003
PC,0.8761749863624573,23,2444264003
PC,0.8237237334251404,24,2444264003
PC,0.8063358664512634,25,2444264003
BP,1.0000004768371582,1,2444264003
BP,0.9325829744338988,2,2444264003
BP,0.8629772067070007,3,2444264003
BP,0.7526825070381165,4,2444264003
BP,0.7784146666526794,5,2444264003
BP,0.7445179224014282,6,2444264003
BP,0.7020965814590454,7,2444264003
BP,0.6339576244354248,8,2444264003
BP,0.606019139289856,9,2444264003
BP,0.6063079237937927,10,2444264003
BP,0.4592403769493103,11,2444264003
BP,0.5320543646812439,12,2444264003
BP,0.5080236196517944,13,2444264003
BP,0.5650962591171265,14,2444264003
BP,0.432162344455719,15,2444264003
BP,-0.1058527901768684,16,2444264003
BP,0.3859658241271972,17,2444264003
BP,0.3796383440494537,18,2444264003
BP,0.4730169177055359,19,2444264003
BP,0.1949188560247421,20,2444264003
BP,0.3748905062675476,21,2444264003
BP,-0.0587442070245742,22,2444264003
BP,0.131182923913002,23,2444264003
BP,0.3515554368495941,24,2444264003
BP,0.2362257838249206,25,2444264003
PC,1.0000001192092896,1,4191194675
PC,0.9904415607452391,2,4191194675
PC,0.9723485708236694,3,4191194675
PC,0.9380075335502625,4,4191194675
PC,0.9581242203712464,5,4191194675
PC,0.9308081865310668,6,4191194675
PC,0.96633780002594,7,4191194675
PC,0.950398087501526,8,4191194675
PC,0.9454705119132996,9,4191194675
PC,0.9654791951179504,10,4191194675
PC,0.922510027885437,11,4191194675
PC,0.9510482549667358,12,4191194675
PC,0.9828004240989684,13,4191194675
PC,0.988460659980774,14,4191194675
PC,0.8182080984115601,15,4191194675
PC,0.8878277540206909,16,4191194675
PC,0.8890906572341919,17,4191194675
PC,0.9038590788841248,18,4191194675
PC,0.9194812774658204,19,4191194675
PC,0.9488648176193236,20,4191194675
PC,0.9764726161956788,21,4191194675
PC,0.94406658411026,22,4191194675
PC,0.9451239109039308,23,4191194675
PC,0.9407806992530824,24,4191194675
PC,0.9861762523651124,25,4191194675
BP,1.0000001192092896,1,4191194675
BP,0.8871302604675293,2,4191194675
BP,0.8495964407920837,3,4191194675
BP,0.7949742078781128,4,4191194675
BP,0.834162712097168,5,4191194675
BP,0.6704650521278381,6,4191194675
BP,0.6324458718299866,7,4191194675
BP,0.7464292645454407,8,4191194675
BP,0.522017240524292,9,4191194675
BP,0.614712655544281,10,4191194675
BP,0.451703131198883,11,4191194675
BP,0.0544423460960388,12,4191194675
BP,0.1234174668788909,13,4191194675
BP,0.6417139172554016,14,4191194675
BP,0.3508842289447784,15,4191194675
BP,0.3135232329368591,16,4191194675
BP,0.6042583584785461,17,4191194675
BP,-0.1580000519752502,18,4191194675
BP,0.8256525993347168,19,4191194675
BP,0.427329421043396,20,4191194675
BP,0.6367631554603577,21,4191194675
BP,0.317083328962326,22,4191194675
BP,0.1568881422281265,23,4191194675
BP,0.3871155977249145,24,4191194675
BP,0.4548849165439605,25,4191194675
PC,0.9999998807907104,1,2563230118
PC,0.9870628118515016,2,2563230118
PC,0.9718747138977052,3,2563230118
PC,0.9566651582717896,4,2563230118
PC,0.9078221321105956,5,2563230118
PC,0.9003289937973022,6,2563230118
PC,0.8703615069389343,7,2563230118
PC,0.9379366636276244,8,2563230118
PC,0.9213362336158752,9,2563230118
PC,0.9225549697875975,10,2563230118
PC,0.915430188179016,11,2563230118
PC,0.834525465965271,12,2563230118
PC,0.8043190836906433,13,2563230118
PC,0.8703615665435791,14,2563230118
PC,0.811012327671051,15,2563230118
PC,0.8965168595314026,16,2563230118
PC,0.9269789457321168,17,2563230118
PC,0.9197397232055664,18,2563230118
PC,0.9414657354354858,19,2563230118
PC,0.7448264360427856,20,2563230118
PC,0.7887980937957764,21,2563230118
PC,0.8998391628265381,22,2563230118
PC,0.8757829070091248,23,2563230118
PC,0.7895946502685547,24,2563230118
PC,0.9704310297966005,25,2563230118
BP,0.9999998807907104,1,2563230118
BP,0.9020627737045288,2,2563230118
BP,0.8727505803108215,3,2563230118
BP,0.826328456401825,4,2563230118
BP,0.7568557858467102,5,2563230118
BP,0.6468272805213928,6,2563230118
BP,0.636739194393158,7,2563230118
BP,0.7034283876419067,8,2563230118
BP,0.8204637169837952,9,2563230118
BP,0.6158299446105957,10,2563230118
BP,0.5590802431106567,11,2563230118
BP,0.4864023625850677,12,2563230118
BP,0.5241333246231079,13,2563230118
BP,0.549949586391449,14,2563230118
BP,0.5142438411712646,15,2563230118
BP,0.2211739420890808,16,2563230118
BP,0.3062273561954498,17,2563230118
BP,0.1569757163524627,18,2563230118
BP,0.4084361791610718,19,2563230118
BP,0.0206564851105213,20,2563230118
BP,0.1553446501493454,21,2563230118
BP,-0.1098605096340179,22,2563230118
BP,-0.2173928320407867,23,2563230118
BP,-0.2357367724180221,24,2563230118
BP,0.2496488988399505,25,2563230118
PC,0.999999701976776,1,2508066235
PC,0.9934957027435304,2,2508066235
PC,0.9814522862434388,3,2508066235
PC,0.9576234817504884,4,2508066235
PC,0.953435719013214,5,2508066235
PC,0.972318470478058,6,2508066235
PC,0.6642071008682251,7,2508066235
PC,0.8893381357192993,8,2508066235
PC,0.9558765292167664,9,2508066235
PC,0.931102454662323,10,2508066235
PC,0.871847927570343,11,2508066235
PC,0.840980589389801,12,2508066235
PC,0.7856733202934265,13,2508066235
PC,0.9077599048614502,14,2508066235
PC,0.8568260669708252,15,2508066235
PC,0.9791952967643738,16,2508066235
PC,0.9453992247581482,17,2508066235
PC,0.8633935451507568,18,2508066235
PC,0.8926123380661011,19,2508066235
PC,0.9636620283126832,20,2508066235
PC,0.7796315550804138,21,2508066235
PC,0.9696817994117736,22,2508066235
PC,0.9826844930648804,23,2508066235
PC,0.9152851104736328,24,2508066235
PC,0.836179256439209,25,2508066235
BP,0.999999701976776,1,2508066235
BP,0.9059361219406128,2,2508066235
BP,0.8255727887153625,3,2508066235
BP,0.7435066103935242,4,2508066235
BP,0.7813619375228882,5,2508066235
BP,0.7850243449211121,6,2508066235
BP,0.6817729473114014,7,2508066235
BP,0.7348162531852722,8,2508066235
BP,0.6130586266517639,9,2508066235
BP,0.576302707195282,10,2508066235
BP,0.4936906397342682,11,2508066235
BP,0.6866798996925354,12,2508066235
BP,0.5552899837493896,13,2508066235
BP,0.4616447389125824,14,2508066235
BP,0.4618383646011352,15,2508066235
BP,0.5840105414390564,16,2508066235
BP,0.3802284300327301,17,2508066235
BP,0.4301088452339172,18,2508066235
BP,0.2498839348554611,19,2508066235
BP,0.5616280436515808,20,2508066235
BP,0.2218673676252365,21,2508066235
BP,0.6005292534828186,22,2508066235
BP,0.2385579943656921,23,2508066235
BP,0.0041361930780112,24,2508066235
BP,-0.0676748007535934,25,2508066235
PC,1.0,1,690101352
PC,0.9901336431503296,2,690101352
PC,0.9847830533981324,3,690101352
PC,0.970101535320282,4,690101352
PC,0.970061421394348,5,690101352
PC,0.9536452889442444,6,690101352
PC,0.8981239199638367,7,690101352
PC,0.8485081195831299,8,690101352
PC,0.8823804259300232,9,690101352
PC,0.9161679148674012,10,690101352
PC,0.7587259411811829,11,690101352
PC,0.8390107750892639,12,690101352
PC,0.941493034362793,13,690101352
PC,0.9052990078926086,14,690101352
PC,0.9092445969581604,15,690101352
PC,0.9495665431022644,16,690101352
PC,0.9407690167427064,17,690101352
PC,0.8063350915908813,18,690101352
PC,0.6027603149414062,19,690101352
PC,0.7879041433334351,20,690101352
PC,0.9851901531219482,21,690101352
PC,0.8379747867584229,22,690101352
PC,0.9466842412948608,23,690101352
PC,0.8839647769927979,24,690101352
PC,0.8769053816795349,25,690101352
BP,1.0,1,690101352
BP,0.9254217147827148,2,690101352
BP,0.8981383442878723,3,690101352
BP,0.8651359677314758,4,690101352
BP,0.6924573183059692,5,690101352
BP,0.6767153739929199,6,690101352
BP,0.5912353992462158,7,690101352
BP,0.5715221762657166,8,690101352
BP,0.641488254070282,9,690101352
BP,0.5628343820571899,10,690101352
BP,0.5836062431335449,11,690101352
BP,0.5852903723716736,12,690101352
BP,0.4482731819152832,13,690101352
BP,0.5901587009429932,14,690101352
BP,0.0029149763286113,15,690101352
BP,0.3507353365421295,16,690101352
BP,0.3865309655666351,17,690101352
BP,0.3341803550720215,18,690101352
BP,0.4684040546417236,19,690101352
BP,-0.0025262248236685,20,690101352
BP,0.6105672717094421,21,690101352
BP,0.1553859710693359,22,690101352
BP,0.172156810760498,23,690101352
BP,-0.1709184795618057,24,690101352
BP,0.0190058331936597,25,690101352
PC,1.0,1,1489128536
PC,0.9790310263633728,2,1489128536
PC,0.9699248671531676,3,1489128536
PC,0.9700164794921876,4,1489128536
PC,0.957646906375885,5,1489128536
PC,0.9570663571357728,6,1489128536
PC,0.9281043410301208,7,1489128536
PC,0.9476520419120787,8,1489128536
PC,0.9228451251983644,9,1489128536
PC,0.7954461574554443,10,1489128536
PC,0.8388743996620178,11,1489128536
PC,0.9278506636619568,12,1489128536
PC,0.9160168170928956,13,1489128536
PC,0.9464932084083556,14,1489128536
PC,0.8947153687477112,15,1489128536
PC,0.8547013401985168,16,1489128536
PC,0.9252625107765198,17,1489128536
PC,0.8858290910720825,18,1489128536
PC,0.78091961145401,19,1489128536
PC,0.8653246164321899,20,1489128536
PC,0.5453502535820007,21,1489128536
PC,0.8183887004852295,22,1489128536
PC,0.9298216700553894,23,1489128536
PC,0.7003803849220276,24,1489128536
PC,0.9323782920837402,25,1489128536
BP,1.0,1,1489128536
BP,0.9022641777992249,2,1489128536
BP,0.8629805445671082,3,1489128536
BP,0.8345402479171753,4,1489128536
BP,0.7936896681785583,5,1489128536
BP,0.6363614797592163,6,1489128536
BP,0.646544337272644,7,1489128536
BP,0.6826595664024353,8,1489128536
BP,0.5692586898803711,9,1489128536
BP,0.5284044146537781,10,1489128536
BP,0.579694390296936,11,1489128536
BP,0.6943863034248352,12,1489128536
BP,0.6316192150115967,13,1489128536
BP,0.5517587661743164,14,1489128536
BP,0.6086015105247498,15,1489128536
BP,0.5982916951179504,16,1489128536
BP,0.3942962288856506,17,1489128536
BP,0.3286483883857727,18,1489128536
BP,0.4030470550060272,19,1489128536
BP,0.1461353152990341,20,1489128536
BP,0.4106035232543945,21,1489128536
BP,0.4533716142177582,22,1489128536
BP,0.2833264172077179,23,1489128536
BP,0.2295424491167068,24,1489128536
BP,0.4177385568618774,25,1489128536
PC,1.0000001192092896,1,193493729
PC,0.9999993443489076,2,193493729
PC,0.9890851974487304,3,193493729
PC,0.9640712141990662,4,193493729
PC,0.9816324710845948,5,193493729
PC,0.9467283487319946,6,193493729
PC,0.9708660244941713,7,193493729
PC,0.97189861536026,8,193493729
PC,0.8925014138221741,9,193493729
PC,0.950843334197998,10,193493729
PC,0.922347903251648,11,193493729
PC,0.8906778693199158,12,193493729
PC,0.8481410145759583,13,193493729
PC,0.8430015444755554,14,193493729
PC,0.8801798820495605,15,193493729
PC,0.904839277267456,16,193493729
PC,0.9396960139274596,17,193493729
PC,0.916189968585968,18,193493729
PC,0.846356213092804,19,193493729
PC,0.9113080501556396,20,193493729
PC,0.8450176119804382,21,193493729
PC,0.787847638130188,22,193493729
PC,0.9610373377799988,23,193493729
PC,0.9391046762466432,24,193493729
PC,0.9058546423912048,25,193493729
BP,1.0000001192092896,1,193493729
BP,0.9538151025772096,2,193493729
BP,0.9284403920173644,3,193493729
BP,0.7895433306694031,4,193493729
BP,0.7800111770629883,5,193493729
BP,0.7246651649475098,6,193493729
BP,0.7674848437309265,7,193493729
BP,0.7478885650634766,8,193493729
BP,0.6125425696372986,9,193493729
BP,0.7248853445053101,10,193493729
BP,0.644772469997406,11,193493729
BP,0.569223165512085,12,193493729
BP,0.6483475565910339,13,193493729
BP,0.5836232304573059,14,193493729
BP,0.5746715664863586,15,193493729
BP,0.4538289308547973,16,193493729
BP,0.2918524742126465,17,193493729
BP,0.2322883307933807,18,193493729
BP,-0.0379356555640697,19,193493729
BP,0.4068424701690674,20,193493729
BP,0.3056654334068298,21,193493729
BP,0.4236932694911957,22,193493729
BP,0.5556641221046448,23,193493729
BP,0.5432877540588379,24,193493729
BP,0.6373655200004578,25,193493729
PC,0.9999999403953552,1,3247095100
PC,0.993390679359436,2,3247095100
PC,0.9756069779396056,3,3247095100
PC,0.941510021686554,4,3247095100
PC,0.9608235359191896,5,3247095100
PC,0.8765643239021301,6,3247095100
PC,0.8786255121231079,7,3247095100
PC,0.8158378601074219,8,3247095100
PC,0.9478042721748352,9,3247095100
PC,0.8674103021621704,10,3247095100
PC,0.9584394693374634,11,3247095100
PC,0.8960619568824768,12,3247095100
PC,0.935107946395874,13,3247095100
PC,0.8575244545936584,14,3247095100
PC,0.8343299627304077,15,3247095100
PC,0.8322564959526062,16,3247095100
PC,0.867644727230072,17,3247095100
PC,0.8525775074958801,18,3247095100
PC,0.9008972644805908,19,3247095100
PC,0.9684876203536988,20,3247095100
PC,0.8847341537475586,21,3247095100
PC,0.917572855949402,22,3247095100
PC,0.8796024918556213,23,3247095100
PC,0.8624688982963562,24,3247095100
PC,0.9442605376243592,25,3247095100
BP,0.9999999403953552,1,3247095100
BP,0.9291666746139526,2,3247095100
BP,0.8577532768249512,3,3247095100
BP,0.7600290179252625,4,3247095100
BP,0.7641863822937012,5,3247095100
BP,0.6002262234687805,6,3247095100
BP,0.7600762844085693,7,3247095100
BP,0.5563055276870728,8,3247095100
BP,0.7121337056159973,9,3247095100
BP,0.7100813984870911,10,3247095100
BP,0.7161121368408203,11,3247095100
BP,0.5094746351242065,12,3247095100
BP,0.3092847764492035,13,3247095100
BP,0.5023924708366394,14,3247095100
BP,0.4359877109527588,15,3247095100
BP,0.5453778505325317,16,3247095100
BP,0.3554816842079162,17,3247095100
BP,0.1961861550807953,18,3247095100
BP,0.0906084328889846,19,3247095100
BP,0.2489030063152313,20,3247095100
BP,0.3828676342964172,21,3247095100
BP,0.2050721198320388,22,3247095100
BP,0.5241565108299255,23,3247095100
BP,0.3881571590900421,24,3247095100
BP,0.489749014377594,25,3247095100
PC,0.9999998807907104,1,2569134589
PC,0.96927148103714,2,2569134589
PC,0.9716836214065552,3,2569134589
PC,0.8181602358818054,4,2569134589
PC,0.9742760062217712,5,2569134589
PC,0.8683236241340637,6,2569134589
PC,0.8621394634246826,7,2569134589
PC,0.8761305809020996,8,2569134589
PC,0.9794417023658752,9,2569134589
PC,0.9907670021057128,10,2569134589
PC,0.7251889705657959,11,2569134589
PC,0.8736497759819031,12,2569134589
PC,0.9606229662895204,13,2569134589
PC,0.8115267157554626,14,2569134589
PC,0.9387701153755188,15,2569134589
PC,0.8045800924301147,16,2569134589
PC,0.7481356263160706,17,2569134589
PC,0.7148984670639038,18,2569134589
PC,0.9950954914093018,19,2569134589
PC,0.9382740259170532,20,2569134589
PC,0.792948842048645,21,2569134589
PC,0.9353833794593812,22,2569134589
PC,0.8131025433540344,23,2569134589
PC,0.6582776308059692,24,2569134589
PC,0.9425368309020996,25,2569134589
BP,0.9999998807907104,1,2569134589
BP,0.9264140725135804,2,2569134589
BP,0.8212063908576965,3,2569134589
BP,0.7437505722045898,4,2569134589
BP,0.6867871284484863,5,2569134589
BP,0.6013969779014587,6,2569134589
BP,0.7247353196144104,7,2569134589
BP,0.5140880346298218,8,2569134589
BP,0.5149456262588501,9,2569134589
BP,0.5675421953201294,10,2569134589
BP,0.6150985956192017,11,2569134589
BP,0.384254902601242,12,2569134589
BP,0.6058672070503235,13,2569134589
BP,0.4437723755836487,14,2569134589
BP,0.3808722496032715,15,2569134589
BP,0.3724657595157623,16,2569134589
BP,0.4122898578643799,17,2569134589
BP,0.3616640567779541,18,2569134589
BP,0.3141873180866241,19,2569134589
BP,0.3381155133247375,20,2569134589
BP,0.5385404825210571,21,2569134589
BP,0.2678722441196441,22,2569134589
BP,0.2782657444477081,23,2569134589
BP,0.1698216646909713,24,2569134589
BP,0.1222129315137863,25,2569134589
PC,1.0000001192092896,1,3859394752
PC,0.9888136982917786,2,3859394752
PC,0.9803137183189392,3,3859394752
PC,0.9554404020309448,4,3859394752
PC,0.9550760388374328,5,3859394752
PC,0.9339940547943116,6,3859394752
PC,0.9335563778877258,7,3859394752
PC,0.8041049242019653,8,3859394752
PC,0.9374394416809082,9,3859394752
PC,0.8800525069236755,10,3859394752
PC,0.8442786335945129,11,3859394752
PC,0.8102797865867615,12,3859394752
PC,0.9409167766571044,13,3859394752
PC,0.9504154920578004,14,3859394752
PC,0.905491828918457,15,3859394752
PC,0.8873801827430725,16,3859394752
PC,0.936160922050476,17,3859394752
PC,0.9248890280723572,18,3859394752
PC,0.876487135887146,19,3859394752
PC,0.9572218060493468,20,3859394752
PC,0.9019923210144044,21,3859394752
PC,0.9034636616706848,22,3859394752
PC,0.95918869972229,23,3859394752
PC,0.5111368298530579,24,3859394752
PC,0.7547670006752014,25,3859394752
BP,1.0000001192092896,1,3859394752
BP,0.9140101671218872,2,3859394752
BP,0.7974495887756348,3,3859394752
BP,0.8134072422981262,4,3859394752
BP,0.7595362663269043,5,3859394752
BP,0.7495965361595154,6,3859394752
BP,0.737442672252655,7,3859394752
BP,0.5689233541488647,8,3859394752
BP,0.7251274585723877,9,3859394752
BP,0.6451172828674316,10,3859394752
BP,0.4941413700580597,11,3859394752
BP,0.6558200716972351,12,3859394752
BP,0.548667848110199,13,3859394752
BP,0.442336231470108,14,3859394752
BP,0.4656910896301269,15,3859394752
BP,0.4803035259246826,16,3859394752
BP,0.2593520879745483,17,3859394752
BP,0.3791802227497101,18,3859394752
BP,0.4372946321964264,19,3859394752
BP,-0.0499198175966739,20,3859394752
BP,0.3824846148490906,21,3859394752
BP,-0.1446783393621444,22,3859394752
BP,0.2914863228797912,23,3859394752
BP,0.3130679726600647,24,3859394752
BP,0.3695404827594757,25,3859394752
PC,1.0,1,3982413761
PC,0.9926819801330566,2,3982413761
PC,0.9883657693862916,3,3982413761
PC,0.9440566897392272,4,3982413761
PC,0.9977306127548218,5,3982413761
PC,0.9673178195953368,6,3982413761
PC,0.8537928462028503,7,3982413761
PC,0.9341469407081604,8,3982413761
PC,0.9454020857810974,9,3982413761
PC,0.9840335249900818,10,3982413761
PC,0.8810166716575623,11,3982413761
PC,0.8452566266059875,12,3982413761
PC,0.8702536225318909,13,3982413761
PC,0.9850755333900452,14,3982413761
PC,0.9066868424415588,15,3982413761
PC,0.8998832702636719,16,3982413761
PC,0.8286133408546448,17,3982413761
PC,0.7262904644012451,18,3982413761
PC,0.9362604022026062,19,3982413761
PC,0.9606271386146544,20,3982413761
PC,0.7667966485023499,21,3982413761
PC,0.9674295783042908,22,3982413761
PC,0.6211430430412292,23,3982413761
PC,0.957720935344696,24,3982413761
PC,0.8518508672714233,25,3982413761
BP,1.0,1,3982413761
BP,0.9155019521713256,2,3982413761
BP,0.8334243297576904,3,3982413761
BP,0.7321202754974365,4,3982413761
BP,0.7766154408454895,5,3982413761
BP,0.7843539714813232,6,3982413761
BP,0.6528791785240173,7,3982413761
BP,0.678012490272522,8,3982413761
BP,0.6613651514053345,9,3982413761
BP,0.5878757238388062,10,3982413761
BP,0.5217730402946472,11,3982413761
BP,0.6117436289787292,12,3982413761
BP,0.2986299097537994,13,3982413761
BP,0.4134817123413086,14,3982413761
BP,0.3930336236953735,15,3982413761
BP,0.4234342873096466,16,3982413761
BP,0.499870091676712,17,3982413761
BP,0.2474257200956344,18,3982413761
BP,0.3259525299072265,19,3982413761
BP,0.516941249370575,20,3982413761
BP,0.2911024689674377,21,3982413761
BP,-0.3322041928768158,22,3982413761
BP,0.2052348107099533,23,3982413761
BP,0.2066369354724884,24,3982413761
BP,0.3674991726875305,25,3982413761
PC,0.9999999403953552,1,2889788203
PC,0.9907739162445068,2,2889788203
PC,0.950261116027832,3,2889788203
PC,0.963825523853302,4,2889788203
PC,0.9746508002281188,5,2889788203
PC,0.9345514178276062,6,2889788203
PC,0.9012167453765868,7,2889788203
PC,0.8780913352966309,8,2889788203
PC,0.8874850869178772,9,2889788203
PC,0.7492268681526184,10,2889788203
PC,0.8950161337852478,11,2889788203
PC,0.9281839728355408,12,2889788203
PC,0.7436656951904297,13,2889788203
PC,0.928227424621582,14,2889788203
PC,0.9016194939613342,15,2889788203
PC,0.9680646061897278,16,2889788203
PC,0.857258141040802,17,2889788203
PC,0.9231975078582764,18,2889788203
PC,0.9851284027099608,19,2889788203
PC,0.9439193606376648,20,2889788203
PC,0.9916554689407348,21,2889788203
PC,0.819919764995575,22,2889788203
PC,0.8928189873695374,23,2889788203
PC,0.9472087025642396,24,2889788203
PC,0.8889234066009521,25,2889788203
BP,0.9999999403953552,1,2889788203
BP,0.92991703748703,2,2889788203
BP,0.7825950980186462,3,2889788203
BP,0.8187288641929626,4,2889788203
BP,0.7812376022338867,5,2889788203
BP,0.6988517642021179,6,2889788203
BP,0.5654822587966919,7,2889788203
BP,0.7646623253822327,8,2889788203
BP,0.7254307866096497,9,2889788203
BP,0.5050795674324036,10,2889788203
BP,0.6570254564285278,11,2889788203
BP,0.6605026721954346,12,2889788203
BP,0.5088832974433899,13,2889788203
BP,0.5143665075302124,14,2889788203
BP,0.4479700326919555,15,2889788203
BP,0.5503529906272888,16,2889788203
BP,0.3745296001434326,17,2889788203
BP,0.5334942936897278,18,2889788203
BP,0.4913732409477234,19,2889788203
BP,0.3725482821464538,20,2889788203
BP,0.5767403841018677,21,2889788203
BP,0.5740779042243958,22,2889788203
BP,-0.1604366451501846,23,2889788203
BP,0.2532368004322052,24,2889788203
BP,0.6615669131278992,25,2889788203
PC,0.9999999403953552,1,3507183834
PC,0.9719028472900392,2,3507183834
PC,0.9784271717071532,3,3507183834
PC,0.9625805616378784,4,3507183834
PC,0.8362284898757935,5,3507183834
PC,0.9447382092475892,6,3507183834
PC,0.95767343044281,7,3507183834
PC,0.8349387645721436,8,3507183834
PC,0.8987257480621338,9,3507183834
PC,0.9301853775978088,10,3507183834
PC,0.6884976625442505,11,3507183834
PC,0.776569664478302,12,3507183834
PC,0.8737598061561584,13,3507183834
PC,0.6757492423057556,14,3507183834
PC,0.9079828858375548,15,3507183834
PC,0.8065901398658752,16,3507183834
PC,0.9426177144050598,17,3507183834
PC,0.7929903268814087,18,3507183834
PC,0.7489023208618164,19,3507183834
PC,0.8274545669555664,20,3507183834
PC,0.5401350855827332,21,3507183834
PC,0.930330753326416,22,3507183834
PC,0.9169034361839294,23,3507183834
PC,0.9769129753112792,24,3507183834
PC,0.917188823223114,25,3507183834
BP,0.9999999403953552,1,3507183834
BP,0.8679484724998474,2,3507183834
BP,0.8860997557640076,3,3507183834
BP,0.8418464660644531,4,3507183834
BP,0.6794167160987854,5,3507183834
BP,0.605605959892273,6,3507183834
BP,0.614133894443512,7,3507183834
BP,0.5998277068138123,8,3507183834
BP,0.5799709558486938,9,3507183834
BP,0.6927886605262756,10,3507183834
BP,0.6024252772331238,11,3507183834
BP,0.5545476078987122,12,3507183834
BP,0.4907563328742981,13,3507183834
BP,0.4655378758907318,14,3507183834
BP,0.5526758432388306,15,3507183834
BP,0.471188485622406,16,3507183834
BP,0.2046996802091598,17,3507183834
BP,0.5284585952758789,18,3507183834
BP,0.3558061420917511,19,3507183834
BP,0.389042317867279,20,3507183834
BP,0.2867109775543213,21,3507183834
BP,0.2938624918460846,22,3507183834
BP,0.2352139800786972,23,3507183834
BP,-0.1199227795004844,24,3507183834
BP,0.2192766517400741,25,3507183834
PC,1.0000001192092896,1,1288605031
PC,0.9896142482757568,2,1288605031
PC,0.9759421944618224,3,1288605031
PC,0.975028932094574,4,1288605031
PC,0.9537151455879213,5,1288605031
PC,0.9498403668403624,6,1288605031
PC,0.7977331280708313,7,1288605031
PC,0.9462563395500184,8,1288605031
PC,0.8923576474189758,9,1288605031
PC,0.8492878675460815,10,1288605031
PC,0.8145551085472107,11,1288605031
PC,0.9334370493888856,12,1288605031
PC,0.8976356387138367,13,1288605031
PC,0.905183970928192,14,1288605031
PC,0.8757562637329102,15,1288605031
PC,0.7703560590744019,16,1288605031
PC,0.8376563191413879,17,1288605031
PC,0.9394531846046448,18,1288605031
PC,0.9824528694152832,19,1288605031
PC,0.7287344932556152,20,1288605031
PC,0.8566082715988159,21,1288605031
PC,0.7701322436332703,22,1288605031
PC,0.895894467830658,23,1288605031
PC,0.8279616832733154,24,1288605031
PC,0.9335728883743286,25,1288605031
BP,1.0000001192092896,1,1288605031
BP,0.8826256394386292,2,1288605031
BP,0.8361365795135498,3,1288605031
BP,0.7910157442092896,4,1288605031
BP,0.7306763529777527,5,1288605031
BP,0.7365761399269104,6,1288605031
BP,0.7229370474815369,7,1288605031
BP,0.706010639667511,8,1288605031
BP,0.6251837611198425,9,1288605031
BP,0.6056609153747559,10,1288605031
BP,0.5924990177154541,11,1288605031
BP,0.6320903897285461,12,1288605031
BP,0.5853434801101685,13,1288605031
BP,0.4592474997043609,14,1288605031
BP,0.5123204588890076,15,1288605031
BP,0.4070906639099121,16,1288605031
BP,0.4572113752365112,17,1288605031
BP,-0.0199368316680192,18,1288605031
BP,0.5105859637260437,19,1288605031
BP,0.449957400560379,20,1288605031
BP,0.5823014974594116,21,1288605031
BP,0.298410564661026,22,1288605031
BP,0.1324648112058639,23,1288605031
BP,0.3910761475563049,24,1288605031
BP,0.3107382655143738,25,1288605031
PC,0.9999999403953552,1,1603403502
PC,0.9938936233520508,2,1603403502
PC,0.979674994945526,3,1603403502
PC,0.982988715171814,4,1603403502
PC,0.9086302518844604,5,1603403502
PC,0.936506450176239,6,1603403502
PC,0.9469336867332458,7,1603403502
PC,0.958450198173523,8,1603403502
PC,0.951528549194336,9,1603403502
PC,0.9114115238189696,10,1603403502
PC,0.9357077479362488,11,1603403502
PC,0.8815431594848633,12,1603403502
PC,0.786596417427063,13,1603403502
PC,0.7556390166282654,14,1603403502
PC,0.9223895072937012,15,1603403502
PC,0.9106490612030028,16,1603403502
PC,0.9550240635871888,17,1603403502
PC,0.9703512787818908,18,1603403502
PC,0.8963439464569092,19,1603403502
PC,0.9571677446365356,20,1603403502
PC,0.933595597743988,21,1603403502
PC,0.941716969013214,22,1603403502
PC,0.9390156269073486,23,1603403502
PC,0.8801005482673645,24,1603403502
PC,0.7362993955612183,25,1603403502
BP,0.9999999403953552,1,1603403502
BP,0.9095429182052612,2,1603403502
BP,0.8525063395500183,3,1603403502
BP,0.7722370624542236,4,1603403502
BP,0.7080556750297546,5,1603403502
BP,0.727540910243988,6,1603403502
BP,0.7094857692718506,7,1603403502
BP,0.7442208528518677,8,1603403502
BP,0.5673907995223999,9,1603403502
BP,0.5248783826828003,10,1603403502
BP,0.4938316345214844,11,1603403502
BP,0.6354675889015198,12,1603403502
BP,0.6330968737602234,13,1603403502
BP,0.484161376953125,14,1603403502
BP,0.4341369569301605,15,1603403502
BP,-0.1117395162582397,16,1603403502
BP,0.2652406394481659,17,1603403502
BP,0.3529893755912781,18,1603403502
BP,0.2108324617147445,19,1603403502
BP,0.1275115609169006,20,1603403502
BP,0.2767508625984192,21,1603403502
BP,-0.3156097829341888,22,1603403502
BP,0.2852112352848053,23,1603403502
BP,0.2682107985019684,24,1603403502
BP,0.2471879720687866,25,1603403502
PC,1.0000001192092896,1,4110491292
PC,0.990023136138916,2,4110491292
PC,0.9746271967887878,3,4110491292
PC,0.9516406655311584,4,4110491292
PC,0.964052438735962,5,4110491292
PC,0.9200441241264344,6,4110491292
PC,0.8983350992202759,7,4110491292
PC,0.881752073764801,8,4110491292
PC,0.7842175960540771,9,4110491292
PC,0.963193416595459,10,4110491292
PC,0.8654103875160217,11,4110491292
PC,0.7865649461746216,12,4110491292
PC,0.6891584992408752,13,4110491292
PC,0.7900145649909973,14,4110491292
PC,0.9394991993904114,15,4110491292
PC,0.7043012380599976,16,4110491292
PC,0.6861461400985718,17,4110491292
PC,0.9013569951057434,18,4110491292
PC,0.9172229766845704,19,4110491292
PC,0.8320060968399048,20,4110491292
PC,0.8858963251113892,21,4110491292
PC,0.9469175338745116,22,4110491292
PC,0.965886116027832,23,4110491292
PC,0.8616373538970947,24,4110491292
PC,0.7634127140045166,25,4110491292
BP,1.0000001192092896,1,4110491292
BP,0.90830397605896,2,4110491292
BP,0.8641830086708069,3,4110491292
BP,0.8279454112052917,4,4110491292
BP,0.7430679798126221,5,4110491292
BP,0.7796764969825745,6,4110491292
BP,0.6866738200187683,7,4110491292
BP,0.6375111937522888,8,4110491292
BP,0.6006788015365601,9,4110491292
BP,0.5680416822433472,10,4110491292
BP,0.5334407091140747,11,4110491292
BP,0.6135122179985046,12,4110491292
BP,0.5734222531318665,13,4110491292
BP,0.5153219699859619,14,4110491292
BP,0.3539654016494751,15,4110491292
BP,0.4098840951919555,16,4110491292
BP,0.4566275179386139,17,4110491292
BP,0.3319728970527649,18,4110491292
BP,0.2317276298999786,19,4110491292
BP,0.1945134997367859,20,4110491292
BP,0.2886733114719391,21,4110491292
BP,0.4421170949935913,22,4110491292
BP,0.2685761749744415,23,4110491292
BP,0.3298349678516388,24,4110491292
BP,0.3707436323165893,25,4110491292
PC,1.0,1,3228301166
PC,0.9948626160621644,2,3228301166
PC,0.96857351064682,3,3228301166
PC,0.9838171601295472,4,3228301166
PC,0.986487627029419,5,3228301166
PC,0.8852695822715759,6,3228301166
PC,0.8951149582862854,7,3228301166
PC,0.8575724363327026,8,3228301166
PC,0.8877252340316772,9,3228301166
PC,0.9429989457130432,10,3228301166
PC,0.909818470478058,11,3228301166
PC,0.9473727941513062,12,3228301166
PC,0.8715519905090332,13,3228301166
PC,0.7850936055183411,14,3228301166
PC,0.7662158608436584,15,3228301166
PC,0.7861060500144958,16,3228301166
PC,0.6022630333900452,17,3228301166
PC,0.8154357075691223,18,3228301166
PC,0.7516375184059143,19,3228301166
PC,0.8842520117759705,20,3228301166
PC,0.6718279719352722,21,3228301166
PC,0.6930743455886841,22,3228301166
PC,0.9385197162628174,23,3228301166
PC,0.9602688550949096,24,3228301166
PC,0.945694386959076,25,3228301166
BP,1.0,1,3228301166
BP,0.9173860549926758,2,3228301166
BP,0.8247083425521851,3,3228301166
BP,0.8313245177268982,4,3228301166
BP,0.7750129103660583,5,3228301166
BP,0.6751081943511963,6,3228301166
BP,0.5193264484405518,7,3228301166
BP,0.6700062155723572,8,3228301166
BP,0.5894547700881958,9,3228301166
BP,0.6475099921226501,10,3228301166
BP,0.6055800318717957,11,3228301166
BP,0.3561107814311981,12,3228301166
BP,0.4825142621994018,13,3228301166
BP,0.4737749397754669,14,3228301166
BP,0.2310833483934402,15,3228301166
BP,0.3912844657897949,16,3228301166
BP,0.5976147651672363,17,3228301166
BP,0.1936733275651931,18,3228301166
BP,0.3141768872737884,19,3228301166
BP,0.4152593910694122,20,3228301166
BP,0.2171381413936615,21,3228301166
BP,0.1499242782592773,22,3228301166
BP,0.3144310712814331,23,3228301166
BP,-0.1275521665811538,24,3228301166
BP,0.1353483200073242,25,3228301166
PC,1.0000001192092896,1,1625209643
PC,0.9905420541763306,2,1625209643
PC,0.9629084467887878,3,1625209643
PC,0.9672201871871948,4,1625209643
PC,0.9566565155982972,5,1625209643
PC,0.928560435771942,6,1625209643
PC,0.9812211990356444,7,1625209643
PC,0.9742071032524108,8,1625209643
PC,0.9593932032585144,9,1625209643
PC,0.9442061185836792,10,1625209643
PC,0.88126140832901,11,1625209643
PC,0.7993419766426086,12,1625209643
PC,0.7862280607223511,13,1625209643
PC,0.8570324182510376,14,1625209643
PC,0.936394989490509,15,1625209643
PC,0.8227132558822632,16,1625209643
PC,0.8142877817153931,17,1625209643
PC,0.9745442867279052,18,1625209643
PC,0.7509790062904358,19,1625209643
PC,0.9000629782676697,20,1625209643
PC,0.9491106271743774,21,1625209643
PC,0.9280101656913756,22,1625209643
PC,0.9317753314971924,23,1625209643
PC,0.9623261094093324,24,1625209643
PC,0.9772984981536864,25,1625209643
BP,1.0000001192092896,1,1625209643
BP,0.9070364832878112,2,1625209643
BP,0.8533276915550232,3,1625209643
BP,0.7866573333740234,4,1625209643
BP,0.762312650680542,5,1625209643
BP,0.7419286966323853,6,1625209643
BP,0.7338588833808899,7,1625209643
BP,0.7363705039024353,8,1625209643
BP,0.7201384902000427,9,1625209643
BP,0.5801999568939209,10,1625209643
BP,0.6000743508338928,11,1625209643
BP,0.4827749133110046,12,1625209643
BP,0.4535736441612243,13,1625209643
BP,0.3774651885032654,14,1625209643
BP,0.4890781044960022,15,1625209643
BP,0.4389349818229675,16,1625209643
BP,0.5244782567024231,17,1625209643
BP,-0.103078007698059,18,1625209643
BP,0.4161696135997772,19,1625209643
BP,0.5057764053344727,20,1625209643
BP,0.6008613705635071,21,1625209643
BP,-0.1154538765549659,22,1625209643
BP,0.1436965465545654,23,1625209643
BP,0.5596342086791992,24,1625209643
BP,-0.1832408159971237,25,1625209643
PC,1.0,1,3229422879
PC,0.9886178374290466,2,3229422879
PC,0.98586106300354,3,3229422879
PC,0.9712601900100708,4,3229422879
PC,0.9874118566513062,5,3229422879
PC,0.9665862321853638,6,3229422879
PC,0.8621839880943298,7,3229422879
PC,0.7263262867927551,8,3229422879
PC,0.949508547782898,9,3229422879
PC,0.9202731251716614,10,3229422879
PC,0.9381651282310486,11,3229422879
PC,0.978446125984192,12,3229422879
PC,0.8783726692199707,13,3229422879
PC,0.8515607118606567,14,3229422879
PC,0.7998765110969543,15,3229422879
PC,0.8937947750091553,16,3229422879
PC,0.919981837272644,17,3229422879
PC,0.7884972095489502,18,3229422879
PC,0.8800141215324402,19,3229422879
PC,0.8524141907691956,20,3229422879
PC,0.9625985622406006,21,3229422879
PC,0.8120591640472412,22,3229422879
PC,0.7970058917999268,23,3229422879
PC,0.7547575831413269,24,3229422879
PC,0.8250570893287659,25,3229422879
BP,1.0,1,3229422879
BP,0.9021825194358826,2,3229422879
BP,0.846977174282074,3,3229422879
BP,0.8353694677352905,4,3229422879
BP,0.7432007789611816,5,3229422879
BP,0.7421174049377441,6,3229422879
BP,0.6738227605819702,7,3229422879
BP,0.5286931395530701,8,3229422879
BP,0.4975608885288238,9,3229422879
BP,0.6056249737739563,10,3229422879
BP,0.5997498631477356,11,3229422879
BP,0.3148578107357025,12,3229422879
BP,0.4181012809276581,13,3229422879
BP,0.2969853579998016,14,3229422879
BP,0.4050591886043548,15,3229422879
BP,0.4005125761032104,16,3229422879
BP,0.466775894165039,17,3229422879
BP,0.1348912566900253,18,3229422879
BP,0.440991461277008,19,3229422879
BP,0.4574243724346161,20,3229422879
BP,0.3338069021701813,21,3229422879
BP,0.1976584196090698,22,3229422879
BP,0.5598739981651306,23,3229422879
BP,0.2058417797088623,24,3229422879
BP,0.5088394284248352,25,3229422879
PC,1.0000001192092896,1,4117841395
PC,0.992313027381897,2,4117841395
PC,0.9651484489440918,3,4117841395
PC,0.9701462984085084,4,4117841395
PC,0.9165274500846864,5,4117841395
PC,0.8194735050201416,6,4117841395
PC,0.9195489883422852,7,4117841395
PC,0.962844729423523,8,4117841395
PC,0.9354684352874756,9,4117841395
PC,0.737328052520752,10,4117841395
PC,0.7928750514984131,11,4117841395
PC,0.9687195420265198,12,4117841395
PC,0.9937446713447572,13,4117841395
PC,0.92791485786438,14,4117841395
PC,0.8049922585487366,15,4117841395
PC,0.8019266128540039,16,4117841395
PC,0.8111414909362793,17,4117841395
PC,0.9261508584022522,18,4117841395
PC,0.5329842567443848,19,4117841395
PC,0.643659234046936,20,4117841395
PC,0.8220663666725159,21,4117841395
PC,0.7986039519309998,22,4117841395
PC,0.9041823744773864,23,4117841395
PC,0.7961905598640442,24,4117841395
PC,0.913401186466217,25,4117841395
BP,1.0000001192092896,1,4117841395
BP,0.8858996629714966,2,4117841395
BP,0.7815483212471008,3,4117841395
BP,0.7746515274047852,4,4117841395
BP,0.7790535688400269,5,4117841395
BP,0.676770031452179,6,4117841395
BP,0.6412516832351685,7,4117841395
BP,0.6073964834213257,8,4117841395
BP,0.6319608688354492,9,4117841395
BP,0.4841060042381286,10,4117841395
BP,0.4531033933162689,11,4117841395
BP,0.6002437472343445,12,4117841395
BP,0.4963816106319427,13,4117841395
BP,0.394183486700058,14,4117841395
BP,0.4572974741458893,15,4117841395
BP,0.3959857523441314,16,4117841395
BP,0.2245635688304901,17,4117841395
BP,0.3191717565059662,18,4117841395
BP,0.4691073596477508,19,4117841395
BP,0.1876267790794372,20,4117841395
BP,0.2490275353193283,21,4117841395
BP,0.1409550458192825,22,4117841395
BP,0.436906486749649,23,4117841395
BP,0.3745415210723877,24,4117841395
BP,0.3154525458812713,25,4117841395
PC,1.0000001192092896,1,383017664
PC,0.99796724319458,2,383017664
PC,0.9818415641784668,3,383017664
PC,0.927906095981598,4,383017664
PC,0.94131600856781,5,383017664
PC,0.9156763553619384,6,383017664
PC,0.8943913578987122,7,383017664
PC,0.9379420876502992,8,383017664
PC,0.8779915571212769,9,383017664
PC,0.9152079224586488,10,383017664
PC,0.8570215106010437,11,383017664
PC,0.9101248383522034,12,383017664
PC,0.960150957107544,13,383017664
PC,0.7330697178840637,14,383017664
PC,0.950981378555298,15,383017664
PC,0.7182648777961731,16,383017664
PC,0.8600240349769592,17,383017664
PC,0.7799137234687805,18,383017664
PC,0.7741298675537109,19,383017664
PC,0.9427177309989928,20,383017664
PC,0.7567996382713318,21,383017664
PC,0.9285086393356324,22,383017664
PC,0.8653286099433899,23,383017664
PC,0.7497672438621521,24,383017664
PC,0.9334448575973512,25,383017664
BP,1.0000001192092896,1,383017664
BP,0.91519433259964,2,383017664
BP,0.8305168747901917,3,383017664
BP,0.7514544725418091,4,383017664
BP,0.7711130976676941,5,383017664
BP,0.5534918904304504,6,383017664
BP,0.6749383807182312,7,383017664
BP,0.6036965847015381,8,383017664
BP,0.6298632025718689,9,383017664
BP,0.6476650238037109,10,383017664
BP,0.6057493090629578,11,383017664
BP,0.5941444039344788,12,383017664
BP,0.4769849479198456,13,383017664
BP,0.5519834160804749,14,383017664
BP,0.4282897412776947,15,383017664
BP,0.5354468822479248,16,383017664
BP,0.5157022476196289,17,383017664
BP,0.5065851211547852,18,383017664
BP,0.4064739942550659,19,383017664
BP,-0.3518259823322296,20,383017664
BP,0.3997090458869934,21,383017664
BP,0.136132001876831,22,383017664
BP,0.3370891511440277,23,383017664
BP,0.500108540058136,24,383017664
BP,0.3041742742061615,25,383017664
PC,1.0,1,369370935
PC,0.9769014716148376,2,369370935
PC,0.9692105650901794,3,369370935
PC,0.9301722049713136,4,369370935
PC,0.9015673398971558,5,369370935
PC,0.969520092010498,6,369370935
PC,0.9698074460029602,7,369370935
PC,0.8103859424591064,8,369370935
PC,0.7277448773384094,9,369370935
PC,0.783663272857666,10,369370935
PC,0.8890765309333801,11,369370935
PC,0.8410149812698364,12,369370935
PC,0.8269767165184021,13,369370935
PC,0.7843738794326782,14,369370935
PC,0.860971212387085,15,369370935
PC,0.8172070980072021,16,369370935
PC,0.600719153881073,17,369370935
PC,0.9004911780357361,18,369370935
PC,0.8875337839126587,19,369370935
PC,0.6906759738922119,20,369370935
PC,0.9272893667221068,21,369370935
PC,0.8579655885696411,22,369370935
PC,0.951618194580078,23,369370935
PC,0.8039619326591492,24,369370935
PC,0.8515095114707947,25,369370935
BP,1.0,1,369370935
BP,0.8817172050476074,2,369370935
BP,0.779712975025177,3,369370935
BP,0.7858083844184875,4,369370935
BP,0.6752015352249146,5,369370935
BP,0.7321398258209229,6,369370935
BP,0.7099849581718445,7,369370935
BP,0.7237900495529175,8,369370935
BP,0.7237597107887268,9,369370935
BP,0.5646809339523315,10,369370935
BP,0.7180147171020508,11,369370935
BP,0.4125069975852966,12,369370935
BP,0.6382626891136169,13,369370935
BP,0.5879459381103516,14,369370935
BP,0.4974471032619476,15,369370935
BP,0.5802807807922363,16,369370935
BP,0.4685207605361938,17,369370935
BP,0.4704345464706421,18,369370935
BP,0.3342769145965576,19,369370935
BP,0.291774183511734,20,369370935
BP,0.2824451625347137,21,369370935
BP,0.4103593230247497,22,369370935
BP,0.2080359756946563,23,369370935
BP,-0.0994906276464462,24,369370935
BP,0.4851808845996856,25,369370935
PC,1.0,1,2278516753
PC,0.991288959980011,2,2278516753
PC,0.987307906150818,3,2278516753
PC,0.9615735411643982,4,2278516753
PC,0.95569908618927,5,2278516753
PC,0.9452083706855774,6,2278516753
PC,0.9657453894615172,7,2278516753
PC,0.9397395849227904,8,2278516753
PC,0.8359104990959167,9,2278516753
PC,0.97648024559021,10,2278516753
PC,0.8850964307785034,11,2278516753
PC,0.9204177856445312,12,2278516753
PC,0.7518025040626526,13,2278516753
PC,0.9112654328346252,14,2278516753
PC,0.8443896174430847,15,2278516753
PC,0.9332963824272156,16,2278516753
PC,0.9219112396240234,17,2278516753
PC,0.8866187334060669,18,2278516753
PC,0.9270102381706238,19,2278516753
PC,0.8647400140762329,20,2278516753
PC,0.9162999391555786,21,2278516753
PC,0.9627484679222108,22,2278516753
PC,0.9394404888153076,23,2278516753
PC,0.9295099973678588,24,2278516753
PC,0.8077441453933716,25,2278516753
BP,1.0,1,2278516753
BP,0.8965820670127869,2,2278516753
BP,0.8343740701675415,3,2278516753
BP,0.8192631602287292,4,2278516753
BP,0.7013975381851196,5,2278516753
BP,0.814822256565094,6,2278516753
BP,0.6451790928840637,7,2278516753
BP,0.7273342609405518,8,2278516753
BP,0.5750091671943665,9,2278516753
BP,0.7319740056991577,10,2278516753
BP,0.6442288160324097,11,2278516753
BP,0.7180414199829102,12,2278516753
BP,0.6057426333427429,13,2278516753
BP,0.7304986715316772,14,2278516753
BP,0.5997083187103271,15,2278516753
BP,0.4612901210784912,16,2278516753
BP,0.3970997929573059,17,2278516753
BP,-0.0764334946870803,18,2278516753
BP,-0.0727468580007553,19,2278516753
BP,0.4026276767253876,20,2278516753
BP,0.4351113438606262,21,2278516753
BP,0.619041919708252,22,2278516753
BP,0.4267925024032593,23,2278516753
BP,0.5977398753166199,24,2278516753
BP,-0.3998757898807525,25,2278516753
